,importance
starts_with_here,0.07400402772168432
n_chars,0.06952044637354449
bold_markers,0.0644676842309086
avg_line_words,0.06070491484472325
avg_word_len,0.059050547144860674
n_words,0.056692034793132486
hapax_ratio,0.05427240002632375
bullet_lines,0.05095839148806135
avg_sentence_words,0.04963267866306044
colon_rate,0.04806428219208536
period_rate,0.04599719453701898
comma_rate,0.04591546792835654
ttr_first100,0.045479384452668026
n_lines,0.03017439852566318
n_newlines,0.029486402564277783
n_sentences,0.028776072786674423
i_rate,0.028047541425414296
you_rate,0.027742082521466024
n_paragraphs,0.02550397785102917
paren_rate,0.020422850377398768
excl_rate,0.019886581155597844
quote_rate,0.015607264466927208
numbered_lines,0.014856352342870848
question_rate,0.008931135981716295
apology,0.008083227092983309
code_blocks,0.0055940916998028205
cannot,0.004925946057083274
header_lines,0.0033483916279996523
ends_with_question,0.0020868736170203137
as_an_ai,0.0017673555096463429
